001_NAB_id_1_Facility_tr_1007_1st_2014.csv,{'AUC-PR': 0.11324801587301588, 'AUC-ROC': 0.505697661947662, 'VUS-PR': 0.14963961539670861, 'VUS-ROC': 0.5325075711111772, 'Standard-F1': 0.20143703743671368, 'PA-F1': 0.718716577540107, 'Event-based-F1': 0.21958456973293747, 'R-based-F1': 0.13448797444251614, 'Affiliation-F': 0.6875852367480095}
002_NAB_id_2_WebService_tr_1500_1st_4106.csv,{'AUC-PR': 0.13031343476873802, 'AUC-ROC': 0.5083730024879344, 'VUS-PR': 0.13991816054933487, 'VUS-ROC': 0.5169163447316975, 'Standard-F1': 0.2272139660185284, 'PA-F1': 0.7502944640753828, 'Event-based-F1': 0.2561403508771927, 'R-based-F1': 0.10859072560821154, 'Affiliation-F': 0.6670455244624954}
003_NAB_id_3_WebService_tr_1362_1st_1462.csv,{'AUC-PR': 0.10574010028860222, 'AUC-ROC': 0.5130626969654489, 'VUS-PR': 0.11502963188101867, 'VUS-ROC': 0.5210637502411384, 'Standard-F1': 0.18637779959677536, 'PA-F1': 0.7018433179723502, 'Event-based-F1': 0.22514970059880215, 'R-based-F1': 0.12814666281446915, 'Affiliation-F': 0.6726593953307737}
004_NAB_id_4_Facility_tr_1007_1st_1437.csv,{'AUC-PR': 0.23263018242122718, 'AUC-ROC': 0.6304103041375111, 'VUS-PR': 0.25236660464099414, 'VUS-ROC': 0.640333363746722, 'Standard-F1': 0.37321447884276676, 'PA-F1': 0.8263103802672148, 'Event-based-F1': 0.6078886310904869, 'R-based-F1': 0.21342130890444558, 'Affiliation-F': 0.9021371812560431}
005_NAB_id_5_Traffic_tr_594_1st_1645.csv,{'AUC-PR': 0.17807656395891686, 'AUC-ROC': 0.5056110573725894, 'VUS-PR': 0.2086353886718846, 'VUS-ROC': 0.5215778963713057, 'Standard-F1': 0.2997455626164387, 'PA-F1': 0.8136752136752137, 'Event-based-F1': 0.322981366459627, 'R-based-F1': 0.18875437841823883, 'Affiliation-F': 0.665058801434339}
006_NAB_id_6_Traffic_tr_2579_1st_5839.csv,{'AUC-PR': 0.17057489523132713, 'AUC-ROC': 0.6053721291050566, 'VUS-PR': 0.1961345817935941, 'VUS-ROC': 0.6190027892041041, 'Standard-F1': 0.30219001082054325, 'PA-F1': 0.7649461567025622, 'Event-based-F1': 0.48326530612244856, 'R-based-F1': 0.21323610096956902, 'Affiliation-F': 0.7695648231008682}
007_NAB_id_7_Traffic_tr_624_1st_2087.csv,{'AUC-PR': 0.21663375027430326, 'AUC-ROC': 0.5756691832532601, 'VUS-PR': 0.2802362015903322, 'VUS-ROC': 0.6073648734195897, 'Standard-F1': 0.28870532947127864, 'PA-F1': 0.8449744463373083, 'Event-based-F1': 0.551724137931034, 'R-based-F1': 0.24062507408854833, 'Affiliation-F': 0.8356311652655148}
008_NAB_id_8_Synthetic_tr_1007_1st_2734.csv,{'AUC-PR': 0.1932669983416252, 'AUC-ROC': 0.5959406202245126, 'VUS-PR': 0.2205091313837925, 'VUS-ROC': 0.6135276457284843, 'Standard-F1': 0.3048384104810949, 'PA-F1': 0.8064192577733199, 'Event-based-F1': 0.5257985257985254, 'R-based-F1': 0.19010246570868716, 'Affiliation-F': 0.8009563400845818}
011_NAB_id_11_Facility_tr_1007_1st_1526.csv,{'AUC-PR': 0.20284669479606188, 'AUC-ROC': 0.5746665063090692, 'VUS-PR': 0.2248318847657034, 'VUS-ROC': 0.588497554901403, 'Standard-F1': 0.27648104088434716, 'PA-F1': 0.8308501314636284, 'Event-based-F1': 0.5257985257985254, 'R-based-F1': 0.22544593969321114, 'Affiliation-F': 0.7732123863268628}
012_NAB_id_12_Synthetic_tr_1007_1st_2787.csv,{'AUC-PR': 0.16672579597141002, 'AUC-ROC': 0.47025468106669305, 'VUS-PR': 0.18087641245622257, 'VUS-ROC': 0.48629929771697955, 'Standard-F1': 0.29205557595579884, 'PA-F1': 0.7892307692307692, 'Event-based-F1': 0.15950920245398756, 'R-based-F1': 0.07781904470209014, 'Affiliation-F': 0.6499570522021195}
013_NAB_id_13_Traffic_tr_623_1st_2084.csv,{'AUC-PR': 0.2292791310072416, 'AUC-ROC': 0.5877956549284621, 'VUS-PR': 0.2952519690254625, 'VUS-ROC': 0.6199440990585275, 'Standard-F1': 0.30885608646711427, 'PA-F1': 0.852233676975945, 'Event-based-F1': 0.5865384615384611, 'R-based-F1': 0.21890016017084893, 'Affiliation-F': 0.8014394668118234}
014_NAB_id_14_WebService_tr_500_1st_1045.csv,{'AUC-PR': 0.2946336429308566, 'AUC-ROC': 0.4381431931784769, 'VUS-PR': 0.36266965590945277, 'VUS-ROC': 0.46833531432479286, 'Standard-F1': 0.45921096378260523, 'PA-F1': 0.8611898016997167, 'Event-based-F1': 0.07547169811320746, 'R-based-F1': 0.11190817790530845, 'Affiliation-F': 0.42897071137855114}
015_NAB_id_15_Synthetic_tr_1007_1st_2787.csv,{'AUC-PR': 0.16673684210526318, 'AUC-ROC': 0.47143038537235726, 'VUS-PR': 0.18064961869485044, 'VUS-ROC': 0.48471642743386045, 'Standard-F1': 0.29205557595579884, 'PA-F1': 0.789838337182448, 'Event-based-F1': 0.1651376146788989, 'R-based-F1': 0.07813443956663578, 'Affiliation-F': 0.6259289145131443}
016_NAB_id_16_Environment_tr_1816_1st_3540.csv,{'AUC-PR': 0.12270859895169288, 'AUC-ROC': 0.5231250926486084, 'VUS-PR': 0.13602864828735686, 'VUS-ROC': 0.5306596860821464, 'Standard-F1': 0.2079246159540443, 'PA-F1': 0.7350253807106599, 'Event-based-F1': 0.2809917355371898, 'R-based-F1': 0.15530097386250497, 'Affiliation-F': 0.6560903547720695}
017_NAB_id_17_Synthetic_tr_1007_1st_1805.csv,{'AUC-PR': 0.13908789386401327, 'AUC-ROC': 0.5169475945905576, 'VUS-PR': 0.15566245559548483, 'VUS-ROC': 0.5307912475995354, 'Standard-F1': 0.2363294856306382, 'PA-F1': 0.7642585551330798, 'Event-based-F1': 0.2954545454545452, 'R-based-F1': 0.18415714215031417, 'Affiliation-F': 0.6895608802502107}
018_NAB_id_18_Facility_tr_500_1st_669.csv,{'AUC-PR': 0.12380475594493116, 'AUC-ROC': 0.5394714623438027, 'VUS-PR': 0.18132868049644543, 'VUS-ROC': 0.5803328541208609, 'Standard-F1': 0.1991507491722797, 'PA-F1': 0.7315175097276264, 'Event-based-F1': 0.31683168316831656, 'R-based-F1': 0.1869221096234929, 'Affiliation-F': 0.7028953961008463}
019_NAB_id_19_Facility_tr_1007_1st_1171.csv,{'AUC-PR': 0.15340833333333334, 'AUC-ROC': 0.5475961538461539, 'VUS-PR': 0.18759361862714796, 'VUS-ROC': 0.5702094332731074, 'Standard-F1': 0.23529204154080993, 'PA-F1': 0.7789678675754625, 'Event-based-F1': 0.3914209115281498, 'R-based-F1': 0.20205651841727582, 'Affiliation-F': 0.7342618971631395}
020_NAB_id_20_Synthetic_tr_1007_1st_2679.csv,{'AUC-PR': 0.2083816425120773, 'AUC-ROC': 0.5039597687495051, 'VUS-PR': 0.22450947932374332, 'VUS-ROC': 0.5162074464666239, 'Standard-F1': 0.34299632977357264, 'PA-F1': 0.8414634146341463, 'Event-based-F1': 0.3606557377049177, 'R-based-F1': 0.17323122122190915, 'Affiliation-F': 0.6845014460575095}
022_NAB_id_22_Facility_tr_1007_1st_2980.csv,{'AUC-PR': 0.20223076923076921, 'AUC-ROC': 0.5535049627791563, 'VUS-PR': 0.23702676475107823, 'VUS-ROC': 0.573774041230959, 'Standard-F1': 0.29545202739749377, 'PA-F1': 0.8373590982286635, 'Event-based-F1': 0.4924623115577885, 'R-based-F1': 0.23970855267506558, 'Affiliation-F': 0.753793671215399}
023_NAB_id_23_Facility_tr_4512_1st_16551.csv,{'AUC-PR': 0.22175085770414693, 'AUC-ROC': 0.6885783211674015, 'VUS-PR': 0.22375976653094867, 'VUS-ROC': 0.6896838982220835, 'Standard-F1': 0.4150184956335479, 'PA-F1': 0.7418633540372671, 'Event-based-F1': 0.5606765327695555, 'R-based-F1': 0.21711089447546247, 'Affiliation-F': 0.8397965075238949}
024_NAB_id_24_Synthetic_tr_1007_1st_2787.csv,{'AUC-PR': 0.19280181936322288, 'AUC-ROC': 0.5443240523235444, 'VUS-PR': 0.2123059186989036, 'VUS-ROC': 0.5577264193288134, 'Standard-F1': 0.29205557595579884, 'PA-F1': 0.8294260307194826, 'Event-based-F1': 0.45758354755784025, 'R-based-F1': 0.19645289739923297, 'Affiliation-F': 0.7525550849075605}
025_NAB_id_25_WebService_tr_3958_1st_4614.csv,{'AUC-PR': 0.10642960998973658, 'AUC-ROC': 0.49822861410597674, 'VUS-PR': 0.11220215861530622, 'VUS-ROC': 0.5027304315791983, 'Standard-F1': 0.19291644983915898, 'PA-F1': 0.7042567416982394, 'Event-based-F1': 0.18738518064911186, 'R-based-F1': 0.1245232651086185, 'Affiliation-F': 0.6815541704759459}
026_NAB_id_26_Traffic_tr_624_1st_2261.csv,{'AUC-PR': 0.16912498905141454, 'AUC-ROC': 0.527286353180372, 'VUS-PR': 0.18366308700495015, 'VUS-ROC': 0.5350404087786185, 'Standard-F1': 0.273632400237062, 'PA-F1': 0.8048359240069085, 'Event-based-F1': 0.3756906077348063, 'R-based-F1': 0.18733100191080507, 'Affiliation-F': 0.7190248873581256}
027_NAB_id_27_Facility_tr_757_1st_2582.csv,{'AUC-PR': 0.10750000000000001, 'AUC-ROC': 0.5277777777777778, 'VUS-PR': 0.12881606234437978, 'VUS-ROC': 0.54136939262462, 'Standard-F1': 0.18181652894064598, 'PA-F1': 0.7017543859649122, 'Event-based-F1': 0.2608695652173911, 'R-based-F1': 0.15550755939524838, 'Affiliation-F': 0.7053523109887585}
028_NAB_id_28_Facility_tr_1007_1st_3447.csv,{'AUC-PR': 0.1436744186046512, 'AUC-ROC': 0.5013573432268573, 'VUS-PR': 0.15790840090304292, 'VUS-ROC': 0.5106467348165581, 'Standard-F1': 0.25072667002912513, 'PA-F1': 0.7706093189964157, 'Event-based-F1': 0.2558139534883718, 'R-based-F1': 0.16777956890075843, 'Affiliation-F': 0.6923519436728047}
029_WSD_id_1_WebService_tr_4559_1st_10201.csv,{'AUC-PR': 0.0035757386135073527, 'AUC-ROC': 0.6617828749462829, 'VUS-PR': 0.008759048134665156, 'VUS-ROC': 0.7648482383629749, 'Standard-F1': 0.01259272338346229, 'PA-F1': 0.029511918274687854, 'Event-based-F1': 0.01270207852193994, 'R-based-F1': 0.010404022888850355, 'Affiliation-F': 0.6886625336594556}
030_WSD_id_2_WebService_tr_4499_1st_4599.csv,{'AUC-PR': 0.011680699136736652, 'AUC-ROC': 0.6553467743663359, 'VUS-PR': 0.042599121369079854, 'VUS-ROC': 0.8163397286215265, 'Standard-F1': 0.04013284636071497, 'PA-F1': 0.09534127843986999, 'Event-based-F1': 0.04133180252583233, 'R-based-F1': 0.027200346774351156, 'Affiliation-F': 0.7513672831731514}
032_WSD_id_4_WebService_tr_4559_1st_11822.csv,{'AUC-PR': 0.009937888198757764, 'AUC-ROC': 0.7006647278770254, 'VUS-PR': 0.02323815911849549, 'VUS-ROC': 0.8072971492898869, 'Standard-F1': 0.032063507548130435, 'PA-F1': 0.0631163708086785, 'Event-based-F1': 0.03258655804480648, 'R-based-F1': 0.026828818868619868, 'Affiliation-F': 0.6995968093967735}
033_WSD_id_5_WebService_tr_4559_1st_12588.csv,{'AUC-PR': 0.0015605544948949946, 'AUC-ROC': 0.6286761040773602, 'VUS-PR': 0.007874241223389854, 'VUS-ROC': 0.8333415846265498, 'Standard-F1': 0.00576352868419583, 'PA-F1': 0.016055045871559634, 'Event-based-F1': 0.005793742757821546, 'R-based-F1': 0.003767069533825145, 'Affiliation-F': 0.6554920648782249}
034_WSD_id_6_WebService_tr_4559_1st_8461.csv,{'AUC-PR': 0.03772855959548506, 'AUC-ROC': 0.7264094400987958, 'VUS-PR': 0.05251340419057493, 'VUS-ROC': 0.7683631820096114, 'Standard-F1': 0.10790812485274251, 'PA-F1': 0.18856569709127383, 'Event-based-F1': 0.11293859649122794, 'R-based-F1': 0.03384817833130925, 'Affiliation-F': 0.7318040218014485}
035_WSD_id_7_WebService_tr_4555_1st_11911.csv,{'AUC-PR': 0.002559627690517743, 'AUC-ROC': 0.5751398764424758, 'VUS-PR': 0.012301363273255567, 'VUS-ROC': 0.748383157690913, 'Standard-F1': 0.009137276825154483, 'PA-F1': 0.036056338028169016, 'Event-based-F1': 0.009264620729588871, 'R-based-F1': 0.006266857962697274, 'Affiliation-F': 0.6672522921644573}
036_WSD_id_8_WebService_tr_4504_1st_6898.csv,{'AUC-PR': 0.001059446733372572, 'AUC-ROC': 0.7000706547338672, 'VUS-PR': 0.01167221807857381, 'VUS-ROC': 0.9393801901637333, 'Standard-F1': 0.003518991451419637, 'PA-F1': 0.00702576112412178, 'Event-based-F1': 0.003525264394829608, 'R-based-F1': 0.0015906078394243516, 'Affiliation-F': 0.6443608618913976}
037_WSD_id_9_WebService_tr_4583_1st_6214.csv,{'AUC-PR': 0.01025293245924698, 'AUC-ROC': 0.7441270097110853, 'VUS-PR': 0.02980569427888202, 'VUS-ROC': 0.8915305138227548, 'Standard-F1': 0.030387790562910577, 'PA-F1': 0.051224944320712694, 'Event-based-F1': 0.03071672354948802, 'R-based-F1': 0.004580839685779341, 'Affiliation-F': 0.6921077876850855}
038_WSD_id_10_WebService_tr_4042_1st_4142.csv,{'AUC-PR': 0.026601300223809014, 'AUC-ROC': 0.8604855189532135, 'VUS-PR': 0.07372172238575524, 'VUS-ROC': 0.948086456484874, 'Standard-F1': 0.060947364096918324, 'PA-F1': 0.07399103139013453, 'Event-based-F1': 0.0613636363636363, 'R-based-F1': 0.012277250988978621, 'Affiliation-F': 0.7486078819073674}
039_WSD_id_11_WebService_tr_1746_1st_1846.csv,{'AUC-PR': 0.04350221235037989, 'AUC-ROC': 0.8198805679020241, 'VUS-PR': 0.08580121118361336, 'VUS-ROC': 0.9262326980748442, 'Standard-F1': 0.10480688724839893, 'PA-F1': 0.13997879109225875, 'Event-based-F1': 0.10682819383259902, 'R-based-F1': 0.023284334751628888, 'Affiliation-F': 0.7585536869889282}
040_WSD_id_12_WebService_tr_4559_1st_9714.csv,{'AUC-PR': 0.005928203965363303, 'AUC-ROC': 0.6699169944696126, 'VUS-PR': 0.013892764151797467, 'VUS-ROC': 0.7687834473082976, 'Standard-F1': 0.02043087349512401, 'PA-F1': 0.04593837535014006, 'Event-based-F1': 0.020701552616446208, 'R-based-F1': 0.007729757092463614, 'Affiliation-F': 0.6799979981283726}
041_WSD_id_13_WebService_tr_4296_1st_5196.csv,{'AUC-PR': 0.03888677329271389, 'AUC-ROC': 0.753731438935138, 'VUS-PR': 0.08475720877861988, 'VUS-ROC': 0.8675812942606344, 'Standard-F1': 0.10609320243552416, 'PA-F1': 0.17011995637949837, 'Event-based-F1': 0.10994152046783616, 'R-based-F1': 0.037329844005101524, 'Affiliation-F': 0.7402961227022298}
042_WSD_id_14_WebService_tr_3015_1st_3115.csv,{'AUC-PR': 0.027002984389348027, 'AUC-ROC': 0.7451047302357773, 'VUS-PR': 0.07784990340285444, 'VUS-ROC': 0.8952639653021652, 'Standard-F1': 0.0767970461885912, 'PA-F1': 0.12743549236440233, 'Event-based-F1': 0.07893274041133955, 'R-based-F1': 0.02388036740670343, 'Affiliation-F': 0.7350796294124435}
043_WSD_id_15_WebService_tr_4521_1st_6828.csv,{'AUC-PR': 0.0016803438843298163, 'AUC-ROC': 0.7834330166920761, 'VUS-PR': 0.010735943931705166, 'VUS-ROC': 0.9419210138597512, 'Standard-F1': 0.004672827349502411, 'PA-F1': 0.007001166861143524, 'Event-based-F1': 0.004678362573099409, 'R-based-F1': 0.0016614769716967977, 'Affiliation-F': 0.6482126409011424}
044_WSD_id_16_WebService_tr_4559_1st_6975.csv,{'AUC-PR': 0.004604880883207437, 'AUC-ROC': 0.6690643555710793, 'VUS-PR': 0.007089115364490232, 'VUS-ROC': 0.7026869747615141, 'Standard-F1': 0.0159722599526118, 'PA-F1': 0.03613777526821005, 'Event-based-F1': 0.016138328530259347, 'R-based-F1': 0.004171087775785738, 'Affiliation-F': 0.6884404107413586}
045_WSD_id_17_WebService_tr_2566_1st_2666.csv,{'AUC-PR': 0.0024791787720317643, 'AUC-ROC': 0.8667945439045184, 'VUS-PR': 0.01119443367348847, 'VUS-ROC': 0.9488722241270844, 'Standard-F1': 0.005790318713571469, 'PA-F1': 0.006944444444444444, 'Event-based-F1': 0.005793742757821546, 'R-based-F1': 0.001498003497011508, 'Affiliation-F': 0.7028673448078312}
046_WSD_id_18_WebService_tr_2357_1st_2457.csv,{'AUC-PR': 0.02115720230903477, 'AUC-ROC': 0.6898976463161692, 'VUS-PR': 0.07918062537399248, 'VUS-ROC': 0.8733634395315052, 'Standard-F1': 0.06706197017232729, 'PA-F1': 0.1356285863328117, 'Event-based-F1': 0.06962380685008415, 'R-based-F1': 0.036221325022433415, 'Affiliation-F': 0.7335153448491725}
047_WSD_id_19_WebService_tr_4559_1st_16362.csv,{'AUC-PR': 0.008134805345729227, 'AUC-ROC': 0.9503663642707607, 'VUS-PR': 0.016097512548806828, 'VUS-ROC': 0.9507452316785399, 'Standard-F1': 0.016138168450790177, 'PA-F1': 0.016138328530259365, 'Event-based-F1': 0.016138328530259347, 'R-based-F1': 0.0008846761453396525, 'Affiliation-F': 0.6797903825166152}
048_WSD_id_20_WebService_tr_4559_1st_11813.csv,{'AUC-PR': 0.006694221218466666, 'AUC-ROC': 0.6485707467439992, 'VUS-PR': 0.017075302121196102, 'VUS-ROC': 0.7563654922961326, 'Standard-F1': 0.023674730379776094, 'PA-F1': 0.058693244739756366, 'Event-based-F1': 0.024110218140068862, 'R-based-F1': 0.01972370354411811, 'Affiliation-F': 0.6943994964393974}
049_WSD_id_21_WebService_tr_4297_1st_7097.csv,{'AUC-PR': 0.00794873842222932, 'AUC-ROC': 0.7569445138890277, 'VUS-PR': 0.02100250351055554, 'VUS-ROC': 0.8869003634041519, 'Standard-F1': 0.0230718832297759, 'PA-F1': 0.037371910789632305, 'Event-based-F1': 0.023241590214067253, 'R-based-F1': 0.01454574807280946, 'Affiliation-F': 0.6981982833225241}
050_WSD_id_22_WebService_tr_4559_1st_12816.csv,{'AUC-PR': 0.002167597200818533, 'AUC-ROC': 0.602310644293842, 'VUS-PR': 0.007376747999643319, 'VUS-ROC': 0.7404278409699993, 'Standard-F1': 0.008027262661256617, 'PA-F1': 0.026136363636363635, 'Event-based-F1': 0.008101851851851843, 'R-based-F1': 0.0072507552870090634, 'Affiliation-F': 0.6656754962979109}
051_WSD_id_23_WebService_tr_3919_1st_5154.csv,{'AUC-PR': 0.007679180887372013, 'AUC-ROC': 0.6255140507196709, 'VUS-PR': 0.02995210232448019, 'VUS-ROC': 0.7852731033912296, 'Standard-F1': 0.027540227701478546, 'PA-F1': 0.07672634271099744, 'Event-based-F1': 0.028263795423956902, 'R-based-F1': 0.019450294194737937, 'Affiliation-F': 0.6672125354502638}
052_WSD_id_24_WebService_tr_4559_1st_9102.csv,{'AUC-PR': 0.012017636804867211, 'AUC-ROC': 0.8330108359133127, 'VUS-PR': 0.026959999911232657, 'VUS-ROC': 0.939384379857067, 'Standard-F1': 0.029629249676547106, 'PA-F1': 0.038570618264322176, 'Event-based-F1': 0.02976531196336574, 'R-based-F1': 0.0065305911733768715, 'Affiliation-F': 0.6994027200577917}
053_WSD_id_25_WebService_tr_4559_1st_9198.csv,{'AUC-PR': 0.0020158226433647703, 'AUC-ROC': 0.6809058825108136, 'VUS-PR': 0.00994786982990841, 'VUS-ROC': 0.8779226963817718, 'Standard-F1': 0.006920266409918888, 'PA-F1': 0.014933946008041356, 'Event-based-F1': 0.006948465547191654, 'R-based-F1': 0.0026226068712300026, 'Affiliation-F': 0.6856099752926836}
054_WSD_id_26_WebService_tr_2409_1st_2509.csv,{'AUC-PR': 0.007446585672392125, 'AUC-ROC': 0.6323212464648801, 'VUS-PR': 0.02783448798745143, 'VUS-ROC': 0.7869821103487281, 'Standard-F1': 0.026636364250816134, 'PA-F1': 0.07158351409978309, 'Event-based-F1': 0.027272727272727244, 'R-based-F1': 0.011992016027232462, 'Affiliation-F': 0.7002509139504558}
055_WSD_id_27_WebService_tr_3768_1st_3868.csv,{'AUC-PR': 0.018806436282164433, 'AUC-ROC': 0.7085332389230626, 'VUS-PR': 0.07231548533964278, 'VUS-ROC': 0.8940809706286973, 'Standard-F1': 0.05827270845636995, 'PA-F1': 0.11021936864633494, 'Event-based-F1': 0.05992085924250982, 'R-based-F1': 0.028969591910298555, 'Affiliation-F': 0.7409731094352694}
056_WSD_id_28_WebService_tr_4559_1st_9689.csv,{'AUC-PR': 0.011786293158812196, 'AUC-ROC': 0.805938676180318, 'VUS-PR': 0.029046091937932377, 'VUS-ROC': 0.9298668243957157, 'Standard-F1': 0.030698838219817257, 'PA-F1': 0.04293785310734463, 'Event-based-F1': 0.030892448512585782, 'R-based-F1': 0.009858834371455094, 'Affiliation-F': 0.5425755238848982}
057_WSD_id_29_WebService_tr_2229_1st_2329.csv,{'AUC-PR': 0.004798733695325493, 'AUC-ROC': 0.6917023416002842, 'VUS-PR': 0.010784323812920858, 'VUS-ROC': 0.7970716558926676, 'Standard-F1': 0.01599967407031299, 'PA-F1': 0.03286118980169972, 'Event-based-F1': 0.016138328530259347, 'R-based-F1': 0.005472936241090869, 'Affiliation-F': 0.6978943028567591}
058_WSD_id_30_WebService_tr_1136_1st_1236.csv,{'AUC-PR': 0.003617083091226031, 'AUC-ROC': 0.887680211603302, 'VUS-PR': 0.01124916994489632, 'VUS-ROC': 0.9483404588170035, 'Standard-F1': 0.008097073882084435, 'PA-F1': 0.009248554913294798, 'Event-based-F1': 0.008101851851851843, 'R-based-F1': 0.0012280941148950274, 'Affiliation-F': 0.617364349132685}
059_WSD_id_31_WebService_tr_4559_1st_9058.csv,{'AUC-PR': 0.0017431725740848342, 'AUC-ROC': 0.5500727378527785, 'VUS-PR': 0.004628178992065784, 'VUS-ROC': 0.6315359038781221, 'Standard-F1': 0.00572709460682078, 'PA-F1': 0.028312570781426953, 'Event-based-F1': 0.005793742757821546, 'R-based-F1': 0.006529957612555848, 'Affiliation-F': 0.5951037327003103}
060_WSD_id_32_WebService_tr_4576_1st_4766.csv,{'AUC-PR': 0.0152460058097313, 'AUC-ROC': 0.6765322265825646, 'VUS-PR': 0.05507889784263053, 'VUS-ROC': 0.8444960547942497, 'Standard-F1': 0.050272171445491766, 'PA-F1': 0.10816542948038176, 'Event-based-F1': 0.051860202931228803, 'R-based-F1': 0.01718441125553682, 'Affiliation-F': 0.7341825830241062}
061_WSD_id_33_WebService_tr_4559_1st_9722.csv,{'AUC-PR': 0.005771838078636451, 'AUC-ROC': 0.717045013581684, 'VUS-PR': 0.015381438202647, 'VUS-ROC': 0.8520181708116921, 'Standard-F1': 0.018274934489267678, 'PA-F1': 0.0339943342776204, 'Event-based-F1': 0.01842256764536555, 'R-based-F1': 0.007605288089133743, 'Affiliation-F': 0.6575554756711024}
062_WSD_id_34_WebService_tr_3371_1st_3471.csv,{'AUC-PR': 0.07822486926205693, 'AUC-ROC': 0.9100623167155425, 'VUS-PR': 0.15189070952989886, 'VUS-ROC': 0.9557073329051334, 'Standard-F1': 0.1552350197900035, 'PA-F1': 0.16886543535620052, 'Event-based-F1': 0.15640064274236729, 'R-based-F1': 0.026079458596573638, 'Affiliation-F': 0.7646467472534245}
063_WSD_id_35_WebService_tr_2290_1st_2390.csv,{'AUC-PR': 0.006812249039520584, 'AUC-ROC': 0.614625350758893, 'VUS-PR': 0.020131493355340715, 'VUS-ROC': 0.7348278079463302, 'Standard-F1': 0.02460777978206647, 'PA-F1': 0.07310420076377523, 'Event-based-F1': 0.025243832472748112, 'R-based-F1': 0.01897420621225821, 'Affiliation-F': 0.7107156602471697}
064_WSD_id_36_WebService_tr_4559_1st_10195.csv,{'AUC-PR': 0.005194654270772806, 'AUC-ROC': 0.7303345941227815, 'VUS-PR': 0.012321980124582913, 'VUS-ROC': 0.8501273616249062, 'Standard-F1': 0.01603637294839384, 'PA-F1': 0.028457598178713718, 'Event-based-F1': 0.016138328530259347, 'R-based-F1': 0.00489045196389752, 'Affiliation-F': 0.6974854827038295}
065_WSD_id_37_WebService_tr_3451_1st_3551.csv,{'AUC-PR': 0.030455006000367907, 'AUC-ROC': 0.6807330403117816, 'VUS-PR': 0.04595381680332794, 'VUS-ROC': 0.7307139535090902, 'Standard-F1': 0.09478980863559572, 'PA-F1': 0.19625246548323472, 'Event-based-F1': 0.10044150110375266, 'R-based-F1': 0.04591979918694712, 'Affiliation-F': 0.7358319324145718}
066_WSD_id_38_WebService_tr_3320_1st_3420.csv,{'AUC-PR': 0.041426089833733144, 'AUC-ROC': 0.8450951659367559, 'VUS-PR': 0.10035563593663442, 'VUS-ROC': 0.9462358602401949, 'Standard-F1': 0.09570304320125636, 'PA-F1': 0.1202361782071927, 'Event-based-F1': 0.09696969696969687, 'R-based-F1': 0.023839695238630852, 'Affiliation-F': 0.7629114048063151}
067_WSD_id_39_WebService_tr_4559_1st_13973.csv,{'AUC-PR': 0.00736974627154755, 'AUC-ROC': 0.6796677737637415, 'VUS-PR': 0.013416892229851603, 'VUS-ROC': 0.7511606457999859, 'Standard-F1': 0.024872281553668073, 'PA-F1': 0.053481894150417826, 'Event-based-F1': 0.025243832472748112, 'R-based-F1': 0.0064220183486238544, 'Affiliation-F': 0.6625994688467646}
068_WSD_id_40_WebService_tr_4549_1st_13322.csv,{'AUC-PR': 0.0038820717771574317, 'AUC-ROC': 0.6571619971473921, 'VUS-PR': 0.012247844962885609, 'VUS-ROC': 0.7919495910828191, 'Standard-F1': 0.013745377804697867, 'PA-F1': 0.032898468519568916, 'Event-based-F1': 0.013880855986119128, 'R-based-F1': 0.006863234455219624, 'Affiliation-F': 0.6752959209117176}
069_WSD_id_41_WebService_tr_4548_1st_13988.csv,{'AUC-PR': 0.0038640846333154026, 'AUC-ROC': 0.7963783752259871, 'VUS-PR': 0.012568154147686436, 'VUS-ROC': 0.937707948004764, 'Standard-F1': 0.0104104927464352, 'PA-F1': 0.015002885170225043, 'Event-based-F1': 0.01043478260869564, 'R-based-F1': 0.0035977902604335914, 'Affiliation-F': 0.6676202959565952}
070_WSD_id_42_WebService_tr_2102_1st_2202.csv,{'AUC-PR': 0.018673854703493482, 'AUC-ROC': 0.672799584638814, 'VUS-PR': 0.06830676259532063, 'VUS-ROC': 0.8447966106823174, 'Standard-F1': 0.06113408650131988, 'PA-F1': 0.1328847771236333, 'Event-based-F1': 0.0635785649409627, 'R-based-F1': 0.035525721450144265, 'Affiliation-F': 0.7632419647154481}
071_WSD_id_43_WebService_tr_3387_1st_3487.csv,{'AUC-PR': 0.28195920393732343, 'AUC-ROC': 0.6800298743839001, 'VUS-PR': 0.3175291767878282, 'VUS-ROC': 0.6971142045221237, 'Standard-F1': 0.4570181088785195, 'PA-F1': 0.8315141893232785, 'Event-based-F1': 0.6725800231392204, 'R-based-F1': 0.42655010351051775, 'Affiliation-F': 0.8528109825970143}
072_WSD_id_44_WebService_tr_1691_1st_1791.csv,{'AUC-PR': 0.03660653926308575, 'AUC-ROC': 0.6557477744427398, 'VUS-PR': 0.06127923448221829, 'VUS-ROC': 0.7121280612625585, 'Standard-F1': 0.11394061794669742, 'PA-F1': 0.25882352941176473, 'Event-based-F1': 0.12428454619787395, 'R-based-F1': 0.04470697434411153, 'Affiliation-F': 0.7045873188926228}
073_WSD_id_45_WebService_tr_3392_1st_3492.csv,{'AUC-PR': 0.04111528969326596, 'AUC-ROC': 0.6487491204029481, 'VUS-PR': 0.059853816607279696, 'VUS-ROC': 0.6931709654205206, 'Standard-F1': 0.12612342513336902, 'PA-F1': 0.29321663019693656, 'Event-based-F1': 0.1398135818908121, 'R-based-F1': 0.08257085849716177, 'Affiliation-F': 0.7131359527872277}
074_WSD_id_46_WebService_tr_990_1st_1090.csv,{'AUC-PR': 0.11831533390771203, 'AUC-ROC': 0.8700283280345642, 'VUS-PR': 0.2407997506458791, 'VUS-ROC': 0.9558843479396648, 'Standard-F1': 0.23868475208907425, 'PA-F1': 0.2814167879670063, 'Event-based-F1': 0.24477307496175396, 'R-based-F1': 0.052749831783474976, 'Affiliation-F': 0.7902970806562228}
075_WSD_id_47_WebService_tr_3296_1st_3468.csv,{'AUC-PR': 0.011513157894736843, 'AUC-ROC': 0.7507216494845361, 'VUS-PR': 0.048381822039012284, 'VUS-ROC': 0.9300337004821433, 'Standard-F1': 0.03357259759820572, 'PA-F1': 0.05533596837944664, 'Event-based-F1': 0.033953112368633756, 'R-based-F1': 0.01735320205783218, 'Affiliation-F': 0.7451045488305947}
076_WSD_id_48_WebService_tr_3821_1st_7083.csv,{'AUC-PR': 0.0050568801620695025, 'AUC-ROC': 0.8946935497703865, 'VUS-PR': 0.014084366549985438, 'VUS-ROC': 0.9495526077084506, 'Standard-F1': 0.01114970113652928, 'PA-F1': 0.012534818941504178, 'Event-based-F1': 0.011157601115760097, 'R-based-F1': 0.0020546304641886493, 'Affiliation-F': 0.6852038110561264}
077_WSD_id_49_WebService_tr_3310_1st_3716.csv,{'AUC-PR': 0.009748886020072461, 'AUC-ROC': 0.6371031748799358, 'VUS-PR': 0.045357012744505834, 'VUS-ROC': 0.8231153158101563, 'Standard-F1': 0.03437412064017159, 'PA-F1': 0.08959757023538345, 'Event-based-F1': 0.03539823008849553, 'R-based-F1': 0.017978369188594558, 'Affiliation-F': 0.7310682891152672}
078_WSD_id_50_WebService_tr_2449_1st_2549.csv,{'AUC-PR': 0.010903635861197742, 'AUC-ROC': 0.6767711606451208, 'VUS-PR': 0.045767694979906993, 'VUS-ROC': 0.871045697634614, 'Standard-F1': 0.036503649877685826, 'PA-F1': 0.07900432900432901, 'Event-based-F1': 0.037330316742081406, 'R-based-F1': 0.012630358885118865, 'Affiliation-F': 0.7285948348274077}
079_WSD_id_51_WebService_tr_4559_1st_10672.csv,{'AUC-PR': 0.007495642068564787, 'AUC-ROC': 0.7837785408058351, 'VUS-PR': 0.01629925306113553, 'VUS-ROC': 0.9010325292927583, 'Standard-F1': 0.020594661526780713, 'PA-F1': 0.030734206033010813, 'Event-based-F1': 0.020701552616446208, 'R-based-F1': 0.00524885086207553, 'Affiliation-F': 0.6878739972888088}
080_WSD_id_52_WebService_tr_1538_1st_1638.csv,{'AUC-PR': 0.02378472222222222, 'AUC-ROC': 0.7639664804469274, 'VUS-PR': 0.07351982620349329, 'VUS-ROC': 0.9177725427368132, 'Standard-F1': 0.06578847646940932, 'PA-F1': 0.1032258064516129, 'Event-based-F1': 0.06711409395973147, 'R-based-F1': 0.029242962967686116, 'Affiliation-F': 0.7035549043148812}
081_WSD_id_53_WebService_tr_4559_1st_8448.csv,{'AUC-PR': 0.038800970707864785, 'AUC-ROC': 0.717281443919447, 'VUS-PR': 0.04600866791859262, 'VUS-ROC': 0.7333462957217933, 'Standard-F1': 0.11220589736915479, 'PA-F1': 0.20188025729836714, 'Event-based-F1': 0.11809732094040448, 'R-based-F1': 0.03325802297204585, 'Affiliation-F': 0.7059568126113369}
082_WSD_id_54_WebService_tr_4437_1st_4805.csv,{'AUC-PR': 0.041783314669652856, 'AUC-ROC': 0.7928955240736487, 'VUS-PR': 0.061329087134728226, 'VUS-ROC': 0.8470644051857166, 'Standard-F1': 0.10590038574256876, 'PA-F1': 0.15177610333692143, 'Event-based-F1': 0.10859728506787318, 'R-based-F1': 0.03172157806597523, 'Affiliation-F': 0.6965182516637134}
083_WSD_id_55_WebService_tr_4599_1st_4863.csv,{'AUC-PR': 0.10130243964440856, 'AUC-ROC': 0.6989381485173536, 'VUS-PR': 0.11629215286721192, 'VUS-ROC': 0.7166848552205272, 'Standard-F1': 0.2532898025644483, 'PA-F1': 0.461250467989517, 'Event-based-F1': 0.2928746928746926, 'R-based-F1': 0.11269032152132719, 'Affiliation-F': 0.7513924426996214}
084_WSD_id_56_WebService_tr_4559_1st_9616.csv,{'AUC-PR': 0.014137221807181135, 'AUC-ROC': 0.7445459939773814, 'VUS-PR': 0.020678872152577476, 'VUS-ROC': 0.794164893692592, 'Standard-F1': 0.041479139302399624, 'PA-F1': 0.06961325966850829, 'Event-based-F1': 0.04209328782707618, 'R-based-F1': 0.022545340838023765, 'Affiliation-F': 0.5404868270924692}
085_WSD_id_57_WebService_tr_780_1st_880.csv,{'AUC-PR': 0.12214019757656629, 'AUC-ROC': 0.9300323910311605, 'VUS-PR': 0.20606546947717871, 'VUS-ROC': 0.9588691550951466, 'Standard-F1': 0.22562635287555638, 'PA-F1': 0.2364411943936624, 'Event-based-F1': 0.22702035780382457, 'R-based-F1': 0.03879999648831959, 'Affiliation-F': 0.7976697597117108}
086_WSD_id_58_WebService_tr_4436_1st_9529.csv,{'AUC-PR': 0.00787393384647389, 'AUC-ROC': 0.8200054162294189, 'VUS-PR': 0.02086099657949681, 'VUS-ROC': 0.9431076711794203, 'Standard-F1': 0.020058729349819233, 'PA-F1': 0.02704291593180482, 'Event-based-F1': 0.020130254588513887, 'R-based-F1': 0.005865445085216092, 'Affiliation-F': 0.7419087923512366}
087_WSD_id_59_WebService_tr_4559_1st_12600.csv,{'AUC-PR': 0.0021921715704400187, 'AUC-ROC': 0.7228697228697228, 'VUS-PR': 0.006893639566416921, 'VUS-ROC': 0.8816635409756959, 'Standard-F1': 0.006928280254740664, 'PA-F1': 0.012665515256188831, 'Event-based-F1': 0.006948465547191654, 'R-based-F1': 0.00185602545406337, 'Affiliation-F': 0.6514859571210306}
088_WSD_id_60_WebService_tr_4548_1st_5596.csv,{'AUC-PR': 0.005896645727154201, 'AUC-ROC': 0.61139996768947, 'VUS-PR': 0.026429398395376256, 'VUS-ROC': 0.7887295162008513, 'Standard-F1': 0.02140780803198921, 'PA-F1': 0.06501377410468319, 'Event-based-F1': 0.021902017291066257, 'R-based-F1': 0.01277934985181328, 'Affiliation-F': 0.6939898923324582}
089_WSD_id_61_WebService_tr_1010_1st_1110.csv,{'AUC-PR': 0.12585239348244104, 'AUC-ROC': 0.9167044353582745, 'VUS-PR': 0.2521482836416345, 'VUS-ROC': 0.9606473909584059, 'Standard-F1': 0.2360424229634598, 'PA-F1': 0.2536842105263158, 'Event-based-F1': 0.23845327604726083, 'R-based-F1': 0.04605574703991768, 'Affiliation-F': 0.7748592098215156}
090_WSD_id_62_WebService_tr_2281_1st_2381.csv,{'AUC-PR': 0.09797433797433798, 'AUC-ROC': 0.8982255389718078, 'VUS-PR': 0.18122130992046243, 'VUS-ROC': 0.9555434972380696, 'Standard-F1': 0.1940170155028496, 'PA-F1': 0.21613832853025935, 'Event-based-F1': 0.1964549483013292, 'R-based-F1': 0.03207114453025427, 'Affiliation-F': 0.7588870665450126}
091_WSD_id_63_WebService_tr_500_1st_363.csv,{'AUC-PR': 0.016203645505971087, 'AUC-ROC': 0.6267664568157179, 'VUS-PR': 0.05833735879104535, 'VUS-ROC': 0.7804612036738506, 'Standard-F1': 0.05567305920215466, 'PA-F1': 0.15071283095723015, 'Event-based-F1': 0.05869074492099317, 'R-based-F1': 0.0319561437728616, 'Affiliation-F': 0.746990197074099}
092_WSD_id_64_WebService_tr_500_1st_118.csv,{'AUC-PR': 0.012855897733875653, 'AUC-ROC': 0.8132280139778685, 'VUS-PR': 0.04861641257454588, 'VUS-ROC': 0.9430475051643348, 'Standard-F1': 0.03293538795118241, 'PA-F1': 0.045146726862302484, 'Event-based-F1': 0.03314285714285711, 'R-based-F1': 0.00752456551849775, 'Affiliation-F': 0.7165945019435479}
093_WSD_id_65_WebService_tr_1125_1st_1225.csv,{'AUC-PR': 0.024477936453031576, 'AUC-ROC': 0.663552381798809, 'VUS-PR': 0.07525516337770512, 'VUS-ROC': 0.8061160377543655, 'Standard-F1': 0.0792794879714608, 'PA-F1': 0.17753259779338015, 'Event-based-F1': 0.08379888268156416, 'R-based-F1': 0.04259801270459214, 'Affiliation-F': 0.7167267907339765}
094_WSD_id_66_WebService_tr_3309_1st_3914.csv,{'AUC-PR': 0.005756405756405756, 'AUC-ROC': 0.6361044294514521, 'VUS-PR': 0.028003900004056566, 'VUS-ROC': 0.8447617557025594, 'Standard-F1': 0.020700095162563218, 'PA-F1': 0.054773082942097026, 'Event-based-F1': 0.021069692058346814, 'R-based-F1': 0.01386062366764384, 'Affiliation-F': 0.7146876426662014}
095_WSD_id_67_WebService_tr_2182_1st_2282.csv,{'AUC-PR': 0.006092803187515564, 'AUC-ROC': 0.8788796397833383, 'VUS-PR': 0.009408388959172904, 'VUS-ROC': 0.93781811678241, 'Standard-F1': 0.013832692946732058, 'PA-F1': 0.016119746689694875, 'Event-based-F1': 0.013848817080207717, 'R-based-F1': 0.0013936029130796376, 'Affiliation-F': 0.6786257692752065}
096_WSD_id_68_WebService_tr_1341_1st_1441.csv,{'AUC-PR': 0.007326349918942512, 'AUC-ROC': 0.6474703679720714, 'VUS-PR': 0.034416828002991603, 'VUS-ROC': 0.8471666608859403, 'Standard-F1': 0.025870011629167227, 'PA-F1': 0.06439024390243903, 'Event-based-F1': 0.02639593908629439, 'R-based-F1': 0.019057097088183813, 'Affiliation-F': 0.718786481850949}
097_WSD_id_69_WebService_tr_4520_1st_6465.csv,{'AUC-PR': 0.0050546520927752595, 'AUC-ROC': 0.6321592379160296, 'VUS-PR': 0.02245455425287926, 'VUS-ROC': 0.8194522025174705, 'Standard-F1': 0.01829567876578723, 'PA-F1': 0.04952166572875633, 'Event-based-F1': 0.018593840790238216, 'R-based-F1': 0.008991833831318007, 'Affiliation-F': 0.6940665639658865}
098_WSD_id_70_WebService_tr_3575_1st_3675.csv,{'AUC-PR': 0.0024985473561882627, 'AUC-ROC': 0.7834815805282638, 'VUS-PR': 0.01561279235366292, 'VUS-ROC': 0.9437438638773029, 'Standard-F1': 0.00693631268155383, 'PA-F1': 0.0103866128101558, 'Event-based-F1': 0.006948465547191654, 'R-based-F1': 0.003664291662811141, 'Affiliation-F': 0.6719734246591018}
099_WSD_id_71_WebService_tr_4559_1st_14411.csv,{'AUC-PR': 0.006394467198594125, 'AUC-ROC': 0.6821412386760597, 'VUS-PR': 0.01729422579656756, 'VUS-ROC': 0.8052115236795157, 'Standard-F1': 0.02156594727438747, 'PA-F1': 0.04596412556053812, 'Event-based-F1': 0.021839080459770087, 'R-based-F1': 0.011496743965241443, 'Affiliation-F': 0.6915616297901641}
100_WSD_id_72_WebService_tr_4559_1st_10254.csv,{'AUC-PR': 0.016664729808251018, 'AUC-ROC': 0.8209324009324009, 'VUS-PR': 0.039849330331209326, 'VUS-ROC': 0.9387183891701674, 'Standard-F1': 0.04178375394997065, 'PA-F1': 0.05605381165919283, 'Event-based-F1': 0.04209328782707618, 'R-based-F1': 0.005772237160005915, 'Affiliation-F': 0.694462773764633}
101_WSD_id_73_WebService_tr_1513_1st_1613.csv,{'AUC-PR': 0.02019215817858926, 'AUC-ROC': 0.7892213541474061, 'VUS-PR': 0.02412297286768809, 'VUS-ROC': 0.8125373787607063, 'Standard-F1': 0.05357066756726183, 'PA-F1': 0.07823691460055096, 'Event-based-F1': 0.05426794799321645, 'R-based-F1': 0.017600103024993315, 'Affiliation-F': 0.6889005722439124}
102_WSD_id_74_WebService_tr_3306_1st_3639.csv,{'AUC-PR': 0.010059355568117581, 'AUC-ROC': 0.7609651545930264, 'VUS-PR': 0.03900003573989562, 'VUS-ROC': 0.9331678205450349, 'Standard-F1': 0.028822604864442623, 'PA-F1': 0.046031746031746035, 'Event-based-F1': 0.02907915993537961, 'R-based-F1': 0.01065816012347302, 'Affiliation-F': 0.7182959336309199}
103_WSD_id_75_WebService_tr_1375_1st_1475.csv,{'AUC-PR': 0.016466036347783437, 'AUC-ROC': 0.6800955910859886, 'VUS-PR': 0.04655629874153882, 'VUS-ROC': 0.820162646524008, 'Standard-F1': 0.05378594166656673, 'PA-F1': 0.11382978723404255, 'Event-based-F1': 0.0555555555555555, 'R-based-F1': 0.02306948711815969, 'Affiliation-F': 0.7009473982709612}
104_WSD_id_76_WebService_tr_3047_1st_3147.csv,{'AUC-PR': 0.012485345838218054, 'AUC-ROC': 0.6070532128514056, 'VUS-PR': 0.058942866859286, 'VUS-ROC': 0.7904060767778287, 'Standard-F1': 0.0436192032390713, 'PA-F1': 0.1331945889698231, 'Event-based-F1': 0.04581901489117979, 'R-based-F1': 0.028032432294528786, 'Affiliation-F': 0.7252462726435225}
105_WSD_id_77_WebService_tr_2348_1st_2448.csv,{'AUC-PR': 0.009516090297790585, 'AUC-ROC': 0.6120784793864226, 'VUS-PR': 0.039403223260632336, 'VUS-ROC': 0.7743750586742001, 'Standard-F1': 0.03386028439087258, 'PA-F1': 0.10126582278481013, 'Event-based-F1': 0.035107587768969384, 'R-based-F1': 0.014725735227413841, 'Affiliation-F': 0.6726365530785441}
106_WSD_id_78_WebService_tr_3363_1st_3463.csv,{'AUC-PR': 0.029749356498510546, 'AUC-ROC': 0.660202009871173, 'VUS-PR': 0.04899679447929883, 'VUS-ROC': 0.7184794622371188, 'Standard-F1': 0.09474566584979095, 'PA-F1': 0.2134234669241912, 'Event-based-F1': 0.10148924434638709, 'R-based-F1': 0.05699983486317946, 'Affiliation-F': 0.7231450140678994}
107_WSD_id_79_WebService_tr_1095_1st_1195.csv,{'AUC-PR': 0.04663147050330989, 'AUC-ROC': 0.6710311646558327, 'VUS-PR': 0.07248052766744113, 'VUS-ROC': 0.7199699738067245, 'Standard-F1': 0.13873694111596271, 'PA-F1': 0.29224562976243834, 'Event-based-F1': 0.15244229736983345, 'R-based-F1': 0.07809450477645208, 'Affiliation-F': 0.7631744409699415}
108_WSD_id_80_WebService_tr_2368_1st_2468.csv,{'AUC-PR': 0.018287533118122055, 'AUC-ROC': 0.6040175940831984, 'VUS-PR': 0.07243581804848831, 'VUS-ROC': 0.762702777017379, 'Standard-F1': 0.061713666179890825, 'PA-F1': 0.18866080156402737, 'Event-based-F1': 0.06636670416197968, 'R-based-F1': 0.03619460358980416, 'Affiliation-F': 0.7195545900339939}
109_WSD_id_81_WebService_tr_3175_1st_3275.csv,{'AUC-PR': 0.028858575364740954, 'AUC-ROC': 0.8822281167108754, 'VUS-PR': 0.0637899937042173, 'VUS-ROC': 0.9500631806998121, 'Standard-F1': 0.06334770803626565, 'PA-F1': 0.07315700619020822, 'Event-based-F1': 0.06367254121660026, 'R-based-F1': 0.010217846901125344, 'Affiliation-F': 0.7132365764422005}
110_WSD_id_82_WebService_tr_500_1st_375.csv,{'AUC-PR': 0.017513669750741218, 'AUC-ROC': 0.8867739136797433, 'VUS-PR': 0.039816591719317646, 'VUS-ROC': 0.9473473649210713, 'Standard-F1': 0.038635930279912356, 'PA-F1': 0.04419263456090652, 'Event-based-F1': 0.038746438746438704, 'R-based-F1': 0.0026563196690984644, 'Affiliation-F': 0.6574583762391408}
111_WSD_id_83_WebService_tr_3934_1st_7531.csv,{'AUC-PR': 0.0009743938363924767, 'AUC-ROC': 0.7833911289408672, 'VUS-PR': 0.005102556245991614, 'VUS-ROC': 0.9345278781706219, 'Standard-F1': 0.002713663584133661, 'PA-F1': 0.004067796610169492, 'Event-based-F1': 0.0027155465037338733, 'R-based-F1': 0.0020463212724397732, 'Affiliation-F': 0.6807888884192281}
112_WSD_id_84_WebService_tr_2442_1st_2542.csv,{'AUC-PR': 0.01341292713050638, 'AUC-ROC': 0.7365733127288053, 'VUS-PR': 0.0481310014034152, 'VUS-ROC': 0.9069987040254854, 'Standard-F1': 0.040043817669402675, 'PA-F1': 0.06904109589041096, 'Event-based-F1': 0.04065499717673626, 'R-based-F1': 0.01150847818695176, 'Affiliation-F': 0.6948364359187614}
113_WSD_id_85_WebService_tr_500_1st_335.csv,{'AUC-PR': 0.012556958928407597, 'AUC-ROC': 0.6561249750142226, 'VUS-PR': 0.05398076127132911, 'VUS-ROC': 0.8478119544258721, 'Standard-F1': 0.042950550350131386, 'PA-F1': 0.1014957264957265, 'Event-based-F1': 0.04431818181818177, 'R-based-F1': 0.023685926763173562, 'Affiliation-F': 0.7149174957972364}
114_WSD_id_86_WebService_tr_500_1st_403.csv,{'AUC-PR': 0.014307109361573275, 'AUC-ROC': 0.7255785133814733, 'VUS-PR': 0.04669651651318438, 'VUS-ROC': 0.8892362592731443, 'Standard-F1': 0.043526024712613666, 'PA-F1': 0.07785087719298246, 'Event-based-F1': 0.04431818181818177, 'R-based-F1': 0.021786005636966765, 'Affiliation-F': 0.7353900236741839}
115_WSD_id_87_WebService_tr_2252_1st_2352.csv,{'AUC-PR': 0.021435114209404797, 'AUC-ROC': 0.6393121743477372, 'VUS-PR': 0.07805630041639378, 'VUS-ROC': 0.7968104467927464, 'Standard-F1': 0.07157722364815876, 'PA-F1': 0.17983109786388474, 'Event-based-F1': 0.07610520425293779, 'R-based-F1': 0.03969200737174489, 'Affiliation-F': 0.7420287236147883}
116_WSD_id_88_WebService_tr_3934_1st_13861.csv,{'AUC-PR': 0.0022433718558803536, 'AUC-ROC': 0.8501190071404284, 'VUS-PR': 0.012341786302666762, 'VUS-ROC': 0.9474577139936038, 'Standard-F1': 0.005419986680213359, 'PA-F1': 0.006770480704129994, 'Event-based-F1': 0.005423728813559316, 'R-based-F1': 0.0005218947263780506, 'Affiliation-F': 0.6638928205050031}
117_WSD_id_89_WebService_tr_3251_1st_3351.csv,{'AUC-PR': 0.0009337676438653638, 'AUC-ROC': 0.7833887187506787, 'VUS-PR': 0.007987526086451263, 'VUS-ROC': 0.9413508985935726, 'Standard-F1': 0.002600741299045247, 'PA-F1': 0.003898635477582846, 'Event-based-F1': 0.002602472348731292, 'R-based-F1': 0.0015868436237738025, 'Affiliation-F': 0.7031076453229127}
118_WSD_id_90_WebService_tr_4559_1st_6317.csv,{'AUC-PR': 0.0008328491187294208, 'AUC-ROC': 0.7833827318339435, 'VUS-PR': 0.003115248465979893, 'VUS-ROC': 0.9367383817298185, 'Standard-F1': 0.0023201508731468734, 'PA-F1': 0.0034782608695652175, 'Event-based-F1': 0.0023215322112594286, 'R-based-F1': 0.0012155367699872922, 'Affiliation-F': 0.6831568583802727}
119_WSD_id_91_WebService_tr_4559_1st_12353.csv,{'AUC-PR': 0.0034043134976245, 'AUC-ROC': 0.611985944820406, 'VUS-PR': 0.006185523109431793, 'VUS-ROC': 0.6581607004545287, 'Standard-F1': 0.012535232589173932, 'PA-F1': 0.03824521934758155, 'Event-based-F1': 0.01270207852193994, 'R-based-F1': 0.005985160082535084, 'Affiliation-F': 0.6744372142694861}
120_WSD_id_92_WebService_tr_2329_1st_2429.csv,{'AUC-PR': 0.01502934667564707, 'AUC-ROC': 0.6773424520541317, 'VUS-PR': 0.060740513098673767, 'VUS-ROC': 0.8630289939023092, 'Standard-F1': 0.049538135951706114, 'PA-F1': 0.10626398210290827, 'Event-based-F1': 0.05106888361045126, 'R-based-F1': 0.025280167102428898, 'Affiliation-F': 0.7530821434053414}
121_WSD_id_93_WebService_tr_4559_1st_11749.csv,{'AUC-PR': 0.005830844695485319, 'AUC-ROC': 0.6597013469596211, 'VUS-PR': 0.020446180495507317, 'VUS-ROC': 0.8226937069413669, 'Standard-F1': 0.020407687632241166, 'PA-F1': 0.048071548351034096, 'Event-based-F1': 0.020701552616446208, 'R-based-F1': 0.005766401882906738, 'Affiliation-F': 0.7651526348285608}
122_WSD_id_94_WebService_tr_4559_1st_8618.csv,{'AUC-PR': 0.004252095957499792, 'AUC-ROC': 0.5662871217042257, 'VUS-PR': 0.009700698165024493, 'VUS-ROC': 0.6272967224476256, 'Standard-F1': 0.014630790850136802, 'PA-F1': 0.06153846153846154, 'Event-based-F1': 0.014994232987312554, 'R-based-F1': 0.010070190498543156, 'Affiliation-F': 0.6729628453763428}
123_WSD_id_95_WebService_tr_4559_1st_4901.csv,{'AUC-PR': 0.004851830331202789, 'AUC-ROC': 0.6586652303870192, 'VUS-PR': 0.05022219993925255, 'VUS-ROC': 0.9311194259730056, 'Standard-F1': 0.017074157523618464, 'PA-F1': 0.04049493813273341, 'Event-based-F1': 0.017281105990783387, 'R-based-F1': 0.006578210889702053, 'Affiliation-F': 0.7214034578075669}
124_WSD_id_96_WebService_tr_4559_1st_14350.csv,{'AUC-PR': 0.004764671702498548, 'AUC-ROC': 0.9002325581395348, 'VUS-PR': 0.011707719550128629, 'VUS-ROC': 0.9493316921756969, 'Standard-F1': 0.010398498646792662, 'PA-F1': 0.011547344110854504, 'Event-based-F1': 0.010404624277456635, 'R-based-F1': 0.0012405423627237996, 'Affiliation-F': 0.6620863755964541}
125_WSD_id_97_WebService_tr_2217_1st_2317.csv,{'AUC-PR': 0.022907615319539436, 'AUC-ROC': 0.6676263553974892, 'VUS-PR': 0.06796516459050378, 'VUS-ROC': 0.8048615585389559, 'Standard-F1': 0.07430840693278498, 'PA-F1': 0.16396761133603238, 'Event-based-F1': 0.07812499999999992, 'R-based-F1': 0.03459259791626639, 'Affiliation-F': 0.7451314576693739}
126_WSD_id_98_WebService_tr_657_1st_757.csv,{'AUC-PR': 0.09933631110101698, 'AUC-ROC': 0.8986517150233965, 'VUS-PR': 0.18735216318013903, 'VUS-ROC': 0.9562218086021804, 'Standard-F1': 0.19631093729977758, 'PA-F1': 0.21850393700787402, 'Event-based-F1': 0.19878910191725507, 'R-based-F1': 0.04836250262090082, 'Affiliation-F': 0.7996556636526265}
127_WSD_id_99_WebService_tr_1164_1st_1264.csv,{'AUC-PR': 0.019679038909808138, 'AUC-ROC': 0.6949187349645015, 'VUS-PR': 0.08209977121446888, 'VUS-ROC': 0.8895107959114642, 'Standard-F1': 0.062191930934968304, 'PA-F1': 0.12361331220285261, 'Event-based-F1': 0.06429780033840941, 'R-based-F1': 0.02335795224324337, 'Affiliation-F': 0.7414600174064282}
128_WSD_id_100_WebService_tr_4068_1st_4168.csv,{'AUC-PR': 0.029462521789657175, 'AUC-ROC': 0.6745282186948854, 'VUS-PR': 0.04228867770419041, 'VUS-ROC': 0.7106507716012362, 'Standard-F1': 0.09265820745544477, 'PA-F1': 0.1968503937007874, 'Event-based-F1': 0.09834254143646398, 'R-based-F1': 0.027860127712759943, 'Affiliation-F': 0.6828183993614745}
129_WSD_id_101_WebService_tr_4448_1st_9592.csv,{'AUC-PR': 0.007871198568872988, 'AUC-ROC': 0.8504179104477612, 'VUS-PR': 0.01922783189041863, 'VUS-ROC': 0.939857889141257, 'Standard-F1': 0.018856573199224697, 'PA-F1': 0.023515579071134628, 'Event-based-F1': 0.018901358535144692, 'R-based-F1': 0.004104935359063887, 'Affiliation-F': 0.6531385827102898}
130_WSD_id_102_WebService_tr_2362_1st_2462.csv,{'AUC-PR': 0.02660200539340574, 'AUC-ROC': 0.6620930250081, 'VUS-PR': 0.06724074707077735, 'VUS-ROC': 0.7776449593116006, 'Standard-F1': 0.08559316127113417, 'PA-F1': 0.19221291276490882, 'Event-based-F1': 0.09095951192457005, 'R-based-F1': 0.030923832937705037, 'Affiliation-F': 0.673101551495846}
131_WSD_id_103_WebService_tr_4573_1st_7021.csv,{'AUC-PR': 0.0020088192062714355, 'AUC-ROC': 0.6809054073932095, 'VUS-PR': 0.006629972272964821, 'VUS-ROC': 0.8221233134679009, 'Standard-F1': 0.0068964034184356825, 'PA-F1': 0.014882655981682884, 'Event-based-F1': 0.006924408540103857, 'R-based-F1': 0.002002489581642041, 'Affiliation-F': 0.7003204123936685}
132_WSD_id_104_WebService_tr_4037_1st_4137.csv,{'AUC-PR': 0.01374832630169517, 'AUC-ROC': 0.7986242691984233, 'VUS-PR': 0.02889821754046206, 'VUS-ROC': 0.9133147381406483, 'Standard-F1': 0.036219074115870574, 'PA-F1': 0.05165637282425604, 'Event-based-F1': 0.036508841985168246, 'R-based-F1': 0.011560293250379642, 'Affiliation-F': 0.7063622006875241}
133_WSD_id_105_WebService_tr_3934_1st_5937.csv,{'AUC-PR': 0.010197144799456152, 'AUC-ROC': 0.9504593399115345, 'VUS-PR': 0.019300300913267218, 'VUS-ROC': 0.9508926259189963, 'Standard-F1': 0.0201882254584142, 'PA-F1': 0.020188425302826378, 'Event-based-F1': 0.020188425302826357, 'R-based-F1': 0.0012613521695257316, 'Affiliation-F': 0.6808958716322266}
134_WSD_id_106_WebService_tr_4559_1st_7990.csv,{'AUC-PR': 0.015085568943023474, 'AUC-ROC': 0.668015977725612, 'VUS-PR': 0.027036375818926192, 'VUS-ROC': 0.7321944272153579, 'Standard-F1': 0.05035468146841798, 'PA-F1': 0.11234764175940647, 'Event-based-F1': 0.05206564799094505, 'R-based-F1': 0.016280320245801696, 'Affiliation-F': 0.6857561781348837}
135_WSD_id_107_WebService_tr_3779_1st_3879.csv,{'AUC-PR': 0.0249171270718232, 'AUC-ROC': 0.8712820512820513, 'VUS-PR': 0.05727473785484705, 'VUS-ROC': 0.9479130094037262, 'Standard-F1': 0.056074121087423434, 'PA-F1': 0.06640106241699867, 'Event-based-F1': 0.05637583892617444, 'R-based-F1': 0.007825790390923048, 'Affiliation-F': 0.7268592482918278}
136_WSD_id_108_WebService_tr_3414_1st_3514.csv,{'AUC-PR': 0.046618276958052735, 'AUC-ROC': 0.7698088635182758, 'VUS-PR': 0.0844025814631746, 'VUS-ROC': 0.8556901002876699, 'Standard-F1': 0.1218470020075543, 'PA-F1': 0.1856925418569254, 'Event-based-F1': 0.12629286880783874, 'R-based-F1': 0.0452789507010273, 'Affiliation-F': 0.7001720020987265}
137_WSD_id_109_WebService_tr_4559_1st_14404.csv,{'AUC-PR': 0.005286638631461803, 'AUC-ROC': 0.594391392901931, 'VUS-PR': 0.011237960302388498, 'VUS-ROC': 0.6563418313132658, 'Standard-F1': 0.019100482668899632, 'PA-F1': 0.06476399560922064, 'Event-based-F1': 0.019562715765247388, 'R-based-F1': 0.015236459690353383, 'Affiliation-F': 0.6883304376019949}
138_WSD_id_110_WebService_tr_4584_1st_6039.csv,{'AUC-PR': 0.0015731235835221972, 'AUC-ROC': 0.6424146472709807, 'VUS-PR': 0.004320716766239464, 'VUS-ROC': 0.7423057316751607, 'Standard-F1': 0.005733796986658726, 'PA-F1': 0.014840182648401826, 'Event-based-F1': 0.005760368663594464, 'R-based-F1': 0.001917601255157185, 'Affiliation-F': 0.6855680414662082}
139_WSD_id_111_WebService_tr_1701_1st_1801.csv,{'AUC-PR': 0.02846136009804896, 'AUC-ROC': 0.8194177834329085, 'VUS-PR': 0.08681674033636276, 'VUS-ROC': 0.9421872621489635, 'Standard-F1': 0.07025156043137785, 'PA-F1': 0.0943089430894309, 'Event-based-F1': 0.07115063924402439, 'R-based-F1': 0.014174363354382526, 'Affiliation-F': 0.7081547914015786}
141_MSL_id_2_Sensor_tr_500_1st_550.csv,{'AUC-PR': 0.10042138913106656, 'AUC-ROC': 0.5390842569761968, 'VUS-PR': 0.13107250637102494, 'VUS-ROC': 0.5526893553036936, 'Standard-F1': 0.1643212157046079, 'PA-F1': 0.6788990825688074, 'Event-based-F1': 0.26573426573426545, 'R-based-F1': 0.20838149334566233, 'Affiliation-F': 0.7637900832557529}
142_MSL_id_3_Sensor_tr_1525_1st_4575.csv,{'AUC-PR': 0.18385149345625335, 'AUC-ROC': 0.8091012748203488, 'VUS-PR': 0.2315814317912934, 'VUS-ROC': 0.8456502831850928, 'Standard-F1': 0.36627519241699175, 'PA-F1': 0.48721399730820997, 'Event-based-F1': 0.39810426540284327, 'R-based-F1': 0.14093832252462488, 'Affiliation-F': 0.913272213861933}
143_MSL_id_4_Sensor_tr_980_1st_3550.csv,{'AUC-PR': 0.24258576044363986, 'AUC-ROC': 0.7931303782257265, 'VUS-PR': 0.25867344308332635, 'VUS-ROC': 0.8017797378220336, 'Standard-F1': 0.44999549188400595, 'PA-F1': 0.6138211382113821, 'Event-based-F1': 0.510309278350515, 'R-based-F1': 0.1507159005275057, 'Affiliation-F': 0.7823641548546144}
144_MSL_id_5_Sensor_tr_1525_1st_4590.csv,{'AUC-PR': 0.027526085189032927, 'AUC-ROC': 0.5231163708696478, 'VUS-PR': 0.036291165103854404, 'VUS-ROC': 0.5405215982114944, 'Standard-F1': 0.05955786532359247, 'PA-F1': 0.34933333333333333, 'Event-based-F1': 0.07224334600760449, 'R-based-F1': 0.06691750461174675, 'Affiliation-F': 0.5798487889866357}
146_MSL_id_7_Sensor_tr_554_1st_1172.csv,{'AUC-PR': 0.059054926318353435, 'AUC-ROC': 0.5084616478558224, 'VUS-PR': 0.09445220899507872, 'VUS-ROC': 0.5399765312623035, 'Standard-F1': 0.10960976619839732, 'PA-F1': 0.5542168674698795, 'Event-based-F1': 0.1259842519685038, 'R-based-F1': 0.1451842723456695, 'Affiliation-F': 0.6217865483503772}
147_MSL_id_8_Sensor_tr_590_1st_690.csv,{'AUC-PR': 0.14080416272469254, 'AUC-ROC': 0.5738604128335781, 'VUS-PR': 0.16493672965503314, 'VUS-ROC': 0.5817317300863895, 'Standard-F1': 0.2405448354267836, 'PA-F1': 0.742014742014742, 'Event-based-F1': 0.39999999999999963, 'R-based-F1': 0.20695113104266966, 'Affiliation-F': 0.6454588973072359}
148_MSL_id_9_Sensor_tr_883_1st_1238.csv,{'AUC-PR': 0.12178304326553435, 'AUC-ROC': 0.5776692498116457, 'VUS-PR': 0.1649836306372452, 'VUS-ROC': 0.6088611846678401, 'Standard-F1': 0.22964010558209821, 'PA-F1': 0.6993865030674846, 'Event-based-F1': 0.3594771241830062, 'R-based-F1': 0.21569262934356023, 'Affiliation-F': 0.7509669781905762}
149_Stock_id_1_Finance_tr_500_1st_7.csv,{'AUC-PR': 0.48919346336320507, 'AUC-ROC': 0.973145992683738, 'VUS-PR': 0.8754851262634151, 'VUS-ROC': 0.9933715784407867, 'Standard-F1': 0.6569867387474569, 'PA-F1': 0.6569911504424779, 'Event-based-F1': 0.6569911504424774, 'R-based-F1': 0.7138454612719312, 'Affiliation-F': 0.9259781841587245}
150_Stock_id_2_Finance_tr_500_1st_7.csv,{'AUC-PR': 0.7443528506602604, 'AUC-ROC': 0.8509389671361502, 'VUS-PR': 0.9691615177299245, 'VUS-ROC': 0.9769827929591112, 'Standard-F1': 0.824822739662247, 'PA-F1': 0.8594377510040161, 'Event-based-F1': 0.8438155136268338, 'R-based-F1': 0.829211336376181, 'Affiliation-F': 0.8413126742719514}
151_Stock_id_3_Finance_tr_500_1st_62.csv,{'AUC-PR': 0.49498327759197325, 'AUC-ROC': 0.9734342012667137, 'VUS-PR': 0.8726504680177917, 'VUS-ROC': 0.9932145165168925, 'Standard-F1': 0.6621879643355405, 'PA-F1': 0.6621923937360179, 'Event-based-F1': 0.6621923937360173, 'R-based-F1': 0.7333943247718492, 'Affiliation-F': 0.9204703492302949}
152_Stock_id_4_Finance_tr_500_1st_2.csv,{'AUC-PR': 0.7548415074447241, 'AUC-ROC': 0.8577052118017018, 'VUS-PR': 0.9698309706766011, 'VUS-ROC': 0.9774569802860159, 'Standard-F1': 0.8339515919566405, 'PA-F1': 0.8692685007464278, 'Event-based-F1': 0.8545463062847691, 'R-based-F1': 0.8389082750398119, 'Affiliation-F': 0.8520583469637869}
153_Stock_id_5_Finance_tr_500_1st_1.csv,{'AUC-PR': 0.4782608695652174, 'AUC-ROC': 0.9726027397260274, 'VUS-PR': 0.8704297167046098, 'VUS-ROC': 0.9931024101361238, 'Standard-F1': 0.6470544463963921, 'PA-F1': 0.6470588235294118, 'Event-based-F1': 0.6470588235294114, 'R-based-F1': 0.7151542962028219, 'Affiliation-F': 0.9196597259378119}
154_Stock_id_6_Finance_tr_500_1st_38.csv,{'AUC-PR': 0.49130205587770165, 'AUC-ROC': 0.9732509147355582, 'VUS-PR': 0.8769537604260006, 'VUS-ROC': 0.993446908974714, 'Standard-F1': 0.6588856489710989, 'PA-F1': 0.6588900671615412, 'Event-based-F1': 0.6588900671615406, 'R-based-F1': 0.7147410185807516, 'Affiliation-F': 0.9297565022542884}
155_Stock_id_7_Finance_tr_500_1st_18.csv,{'AUC-PR': 0.48550342646283606, 'AUC-ROC': 0.972962490996731, 'VUS-PR': 0.882874632389076, 'VUS-ROC': 0.9937631659077232, 'Standard-F1': 0.6536506743245947, 'PA-F1': 0.6536550745209369, 'Event-based-F1': 0.6536550745209363, 'R-based-F1': 0.712687579948972, 'Affiliation-F': 0.9243113050928025}
156_Stock_id_8_Finance_tr_500_1st_24.csv,{'AUC-PR': 0.4793756967670011, 'AUC-ROC': 0.9726580796252927, 'VUS-PR': 0.8762742332306392, 'VUS-ROC': 0.9934172316272742, 'Standard-F1': 0.6480739915420466, 'PA-F1': 0.6480783722682742, 'Event-based-F1': 0.6480783722682738, 'R-based-F1': 0.7227323235276917, 'Affiliation-F': 0.912065333717756}
157_Stock_id_9_Finance_tr_500_1st_19.csv,{'AUC-PR': 0.7587175809953801, 'AUC-ROC': 0.8603536345530571, 'VUS-PR': 0.9706990605790454, 'VUS-ROC': 0.9783491210220486, 'Standard-F1': 0.8373783083041462, 'PA-F1': 0.8711433756805808, 'Event-based-F1': 0.8605491178619894, 'R-based-F1': 0.8458911372059963, 'Affiliation-F': 0.8586964056701032}
158_Stock_id_10_Finance_tr_500_1st_2.csv,{'AUC-PR': 0.48550342646283606, 'AUC-ROC': 0.972962490996731, 'VUS-PR': 0.8744513794159552, 'VUS-ROC': 0.9933141351837862, 'Standard-F1': 0.6536506743245947, 'PA-F1': 0.6536550745209369, 'Event-based-F1': 0.6536550745209363, 'R-based-F1': 0.7112486758773605, 'Affiliation-F': 0.9281381431240682}
159_Stock_id_11_Finance_tr_500_1st_5.csv,{'AUC-PR': 0.7509101464641019, 'AUC-ROC': 0.8554733783131476, 'VUS-PR': 0.9695230186405385, 'VUS-ROC': 0.9773004483569319, 'Standard-F1': 0.8307711171817008, 'PA-F1': 0.8677563150074294, 'Event-based-F1': 0.8517385165945605, 'R-based-F1': 0.8356618420130058, 'Affiliation-F': 0.8494336079888343}
160_Stock_id_12_Finance_tr_500_1st_14.csv,{'AUC-PR': 0.49499209277807066, 'AUC-ROC': 0.9734346403416339, 'VUS-PR': 0.8919738188854484, 'VUS-ROC': 0.9942471766635217, 'Standard-F1': 0.6621958526603227, 'PA-F1': 0.6622002820874471, 'Event-based-F1': 0.6622002820874466, 'R-based-F1': 0.7199747155499371, 'Affiliation-F': 0.927156679616081}
161_Stock_id_13_Finance_tr_500_1st_3.csv,{'AUC-PR': 0.4916387959866221, 'AUC-ROC': 0.9732676749912065, 'VUS-PR': 0.8883238649249793, 'VUS-ROC': 0.9940587967877355, 'Standard-F1': 0.6591884058893865, 'PA-F1': 0.6591928251121076, 'Event-based-F1': 0.6591928251121072, 'R-based-F1': 0.7246340781254856, 'Affiliation-F': 0.9215294697402812}
162_Stock_id_14_Finance_tr_500_1st_4.csv,{'AUC-PR': 0.7615411652422653, 'AUC-ROC': 0.8621018739726989, 'VUS-PR': 0.9701286068061991, 'VUS-ROC': 0.977812443022299, 'Standard-F1': 0.839732708956516, 'PA-F1': 0.876078075351793, 'Event-based-F1': 0.8603596288319587, 'R-based-F1': 0.8448626921735609, 'Affiliation-F': 0.8586767014991852}
163_Stock_id_15_Finance_tr_500_1st_3.csv,{'AUC-PR': 0.7505660570396399, 'AUC-ROC': 0.8548259493670887, 'VUS-PR': 0.9691032139231051, 'VUS-ROC': 0.977028039948312, 'Standard-F1': 0.8301663612666328, 'PA-F1': 0.8709245198749441, 'Event-based-F1': 0.8534342888047587, 'R-based-F1': 0.8361027743210602, 'Affiliation-F': 0.8507657354375822}
164_Stock_id_16_Finance_tr_500_1st_8.csv,{'AUC-PR': 0.7578560987715026, 'AUC-ROC': 0.8597944671853083, 'VUS-PR': 0.9700528846634124, 'VUS-ROC': 0.9776863026913342, 'Standard-F1': 0.8366397236262173, 'PA-F1': 0.8732093222150952, 'Event-based-F1': 0.858051875297722, 'R-based-F1': 0.8420775022298644, 'Affiliation-F': 0.8556749380021856}
165_Stock_id_17_Finance_tr_500_1st_7.csv,{'AUC-PR': 0.7534390944987618, 'AUC-ROC': 0.8572665788013318, 'VUS-PR': 0.9692496787954806, 'VUS-ROC': 0.9771923760654424, 'Standard-F1': 0.833071891054977, 'PA-F1': 0.8720238095238095, 'Event-based-F1': 0.8552555482173619, 'R-based-F1': 0.8378973453869883, 'Affiliation-F': 0.8530448986967214}
166_Stock_id_18_Finance_tr_500_1st_18.csv,{'AUC-PR': 0.7517130727579446, 'AUC-ROC': 0.856190962646748, 'VUS-PR': 0.9696001435868784, 'VUS-ROC': 0.9774514924967426, 'Standard-F1': 0.8316087510049459, 'PA-F1': 0.8695836873406967, 'Event-based-F1': 0.8525426931676063, 'R-based-F1': 0.8352429665269284, 'Affiliation-F': 0.8502039767064612}
167_Stock_id_19_Finance_tr_500_1st_7.csv,{'AUC-PR': 0.48717948717948717, 'AUC-ROC': 0.9730458221024259, 'VUS-PR': 0.8811241876731319, 'VUS-ROC': 0.9936744665890067, 'Standard-F1': 0.6551680083530472, 'PA-F1': 0.6551724137931034, 'Event-based-F1': 0.655172413793103, 'R-based-F1': 0.7275768410391763, 'Affiliation-F': 0.9216758352217388}
168_Stock_id_20_Finance_tr_500_1st_1.csv,{'AUC-PR': 0.7577838667938197, 'AUC-ROC': 0.859774632510625, 'VUS-PR': 0.9702679696364385, 'VUS-ROC': 0.9778639171539647, 'Standard-F1': 0.8365964391922268, 'PA-F1': 0.8693284936479129, 'Event-based-F1': 0.85203630599686, 'R-based-F1': 0.837541339035707, 'Affiliation-F': 0.8500936631004478}
169_Daphnet_id_1_HumanActivity_tr_9693_1st_20732.csv,{'AUC-PR': 0.22297178107212395, 'AUC-ROC': 0.7488066023649634, 'VUS-PR': 0.2567291054047984, 'VUS-ROC': 0.7700333512399904, 'Standard-F1': 0.4301876944023171, 'PA-F1': 0.6515044497810425, 'Event-based-F1': 0.5146566987999208, 'R-based-F1': 0.25294226163629596, 'Affiliation-F': 0.8409484189502551}
170_MITDB_id_1_Medical_tr_17675_1st_17775.csv,{'AUC-PR': 0.050711173706827095, 'AUC-ROC': 0.5341413846242336, 'VUS-PR': 0.055490919033412044, 'VUS-ROC': 0.5409113090657783, 'Standard-F1': 0.10373218504874811, 'PA-F1': 0.49763652601999697, 'Event-based-F1': 0.1405999627352337, 'R-based-F1': 0.12111869409740035, 'Affiliation-F': 0.7125510473187783}
171_MITDB_id_2_Medical_tr_50000_1st_88864.csv,{'AUC-PR': 0.04634493435071225, 'AUC-ROC': 0.5956976399849327, 'VUS-PR': 0.05021453089381835, 'VUS-ROC': 0.6023531916074202, 'Standard-F1': 0.13278731065078422, 'PA-F1': 0.39873424140693936, 'Event-based-F1': 0.1592375657698797, 'R-based-F1': 0.1049752690693859, 'Affiliation-F': 0.7382830872516842}
172_MITDB_id_3_Medical_tr_27274_1st_27374.csv,{'AUC-PR': 0.028229758435148453, 'AUC-ROC': 0.5054278415813297, 'VUS-PR': 0.02984936561427009, 'VUS-ROC': 0.5065674352484903, 'Standard-F1': 0.05429289132984719, 'PA-F1': 0.3654212868140405, 'Event-based-F1': 0.0598514178089358, 'R-based-F1': 0.05441079126772632, 'Affiliation-F': 0.6865211978473775}
173_MITDB_id_4_Medical_tr_13620_1st_13720.csv,{'AUC-PR': 0.10093871475495889, 'AUC-ROC': 0.4872623261234451, 'VUS-PR': 0.1132193843164178, 'VUS-ROC': 0.49004162933094786, 'Standard-F1': 0.18635145382807577, 'PA-F1': 0.6649525629721924, 'Event-based-F1': 0.14625690358319354, 'R-based-F1': 0.1190643652109517, 'Affiliation-F': 0.6038376609440034}
174_MITDB_id_5_Medical_tr_50000_1st_539948.csv,{'AUC-PR': 0.0013251660806491595, 'AUC-ROC': 0.5894519406162358, 'VUS-PR': 0.0014549727979303977, 'VUS-ROC': 0.5935037524054697, 'Standard-F1': 0.004887486384087018, 'PA-F1': 0.01742429991652121, 'Event-based-F1': 0.004918763545813666, 'R-based-F1': 0.0041089297516251665, 'Affiliation-F': 0.6647421056200931}
175_MITDB_id_6_Medical_tr_27274_1st_27374.csv,{'AUC-PR': 0.0286084779821008, 'AUC-ROC': 0.5107392302558909, 'VUS-PR': 0.030229336483185158, 'VUS-ROC': 0.512010577750831, 'Standard-F1': 0.05429289132984719, 'PA-F1': 0.366112043345531, 'Event-based-F1': 0.06525951763408155, 'R-based-F1': 0.05532480700957907, 'Affiliation-F': 0.6869018767879204}
